BHUNP - 7B Original,build: medium,chest: busty,
BHUNP - 7B Bombshell,build: medium,chest: busty,
BHUNP - 7B Natural,build: medium,chest: medium,
BHUNP - 7B Cleavage,build: medium,chest: busty,
BHUNP - 7B Bcup,build: medium,chest: petite,
BHUNP - 7BUNP,build: medium,chest: petite,
BHUNP - 7B Cherry Hot,build: medium,chest: busty,
BHUNP - 7B Oppai,build: medium,chest: busty,
BHUNP - UNP,build: slight,chest: petite,
BHUNP - UNP Pushup,build: slight,chest: petite,
BHUNP - UNP Skinny,build: slight,chest: petite,
BHUNP - UNP Perky,build: slight,chest: petite,
BHUNP - UNPB,build: slight,chest: petite,
BHUNP - UNPB Chapi,build: medium,chest: busty,
BHUNP - UNPB Oppai v1,build: medium,chest: busty,
BHUNP - UNPB Oppai v3.2,build: slight,chest: busty,
BHUNP - UNPetite,build: slight,chest: petite,
BHUNP - UNPC,build: medium,chest: medium,
BHUNP - UNPCM,build: slight,chest: petite,
BHUNP - UNP She Hulk,build: medium,chest: medium,
BHUNP - UNPK,build: curvy,chest: saggy,
BHUNP - UNPK Bonus,build: chubby,chest: saggy,
BHUNP - UN7B,build: medium,chest: medium,
BHUNP - UNPBB,build: slight,chest: petite,
BHUNP - Seraphim,build: curvy,chest: medium,
BHUNP - Demonfet,build: slight,chest: busty,
BHUNP - Dream Girl,build: slight,chest: petite,
BHUNP - Top Model,build: slight,chest: medium,
BHUNP - Leito,build: medium,chest: petite,chest: saggy
BHUNP - UNPF,build: exaggerated,build: slight,chest: petite
BHUNP - UNPFx,build: exaggerated,build: slight,chest: petite
BHUNP - CNHF,build: medium,chest: petite,
BHUNP - CNHF Bonus,build: medium,chest: petite,
BHUNP - MCBM,build: medium,chest: busty,
BHUNP - Venus,build: medium,chest: very busty,
BHUNP - ZGGB-R2,build: exaggerated,build: curvy,chest: petite
BHUNP - Aruru6Duck,build: chubby,chest: very busty,
BHUNP - Manga,build: exaggerated,build: medium,chest: busty
BHUNP - CHSBHC,build: slight,chest: medium,
