UUNP - 7B Original,build: medium,chest: busty,
UUNP - 7B Bombshell,build: medium,chest: busty,
UUNP - 7B Natural,build: medium,chest: medium,
UUNP - 7B Cleavage,build: medium,chest: busty,
UUNP - 7B Bcup,build: medium,chest: petite,
UUNP - 7BUNP,build: medium,chest: petite,
UUNP - 7B Cherry Hot,build: medium,chest: busty,
UUNP - 7B Oppai,build: medium,chest: busty,
UUNP - UNP,build: slight,chest: petite,
UUNP - UNP Pushup,build: slight,chest: petite,
UUNP - UNP Skinny,build: slight,chest: petite,
UUNP - UNP Perky,build: slight,chest: petite,
UUNP - UNPB,build: slight,chest: petite,
UUNP - UNPB Chapi,build: medium,chest: busty,
UUNP - UNPB Oppai v1,build: medium,chest: busty,
UUNP - UNPB Oppai v3.2,build: slight,chest: busty,
UUNP - UNPetite,build: slight,chest: petite,
UUNP - UNPC,build: medium,chest: medium,
UUNP - UNPCM,build: slight,chest: petite,
UUNP - UNP She Hulk,build: medium,chest: medium,
UUNP - UNPK,build: curvy,chest: saggy,
UUNP - UNPK Bonus,build: chubby,chest: saggy,
UUNP - UN7B,build: medium,chest: medium,
UUNP - UNPBB,build: slight,chest: petite,
UUNP - Seraphim,build: curvy,chest: medium,
UUNP - Demonfet,build: slight,chest: busty,
UUNP - Dream Girl,build: slight,chest: petite,
UUNP - Top Model,build: slight,chest: medium,
UUNP - Leito,build: medium,chest: petite,chest: saggy
UUNP - UNPF,build: exaggerated,build: slight,chest: petite
UUNP - UNPFx,build: exaggerated,build: slight,chest: petite
UUNP - CNHF,build: medium,chest: petite,
UUNP - CNHF Bonus,build: medium,chest: petite,
UUNP - MCBM,build: medium,chest: busty,
UUNP - Venus,build: medium,chest: very busty,
UUNP - ZGGB-R2,build: exaggerated,build: curvy,chest: petite
UUNP - Manga,build: exaggerated,build: medium,chest: busty
UUNP - CHSBHC,build: slight,chest: medium,
